,accuracy,precision,recall,f1_score
0,0.9605953693389893,0.9551597237586975,0.9472326636314392,0.9511796832084656
