,accuracy,precision,recall,f1_score
0,0.9290080666542053,0.9296605587005615,0.8923344612121582,0.9106151461601257
